,simID,t0,period,ecc,omega,f_c,f_s,incl,Sb,q,sma,l3,m1,logg1,r1,teff1,m2,logg2,r2,teff2,npulsations,r_sum,r_rat,primary_depth,secondary_depth
0,sim_000,-14.719241585767058,9.584376568230418,0.3652155257396798,-0.2491290704432218,0.5856734604521747,-0.1490037699578594,81.42650867186298,0.6242354787093279,0.4785807568138482,57.18956073857397,0.1352027508645121,18.478389752021663,3.888590301060829,0.1414991932831304,28323.992897837456,8.843401752223786,3.870096014129817,0.0999951010016923,17680.84126554117,86,0.2414942942848227,0.7066831879501165,0.1609067044419252,0.1344703987001966
1,sim_001,-0.0282656744403606,10.731291356648269,0.175825126498348,-1.6267545613573404,-0.0234518872314794,-0.4186587339153813,82.72410704861461,0.2610406370004351,0.1031995224535254,56.987844216322976,0.0707185337837793,19.54678227431321,4.122577586258186,0.1115579255511662,33566.67072540807,2.01721859621216,4.255215849411263,0.0307623948397389,8762.265108144382,9,0.1423203203909051,0.2757526611198025,0.0,0.012035299079673142
2,sim_002,-11.598489301954944,15.738053117389212,0.3768464559583051,2.020471424582285,-0.266836254610073,0.5528515797065008,76.04257062627963,0.5349107526829603,0.5076080529550746,87.64033534446672,0.0916332232669633,24.188462147688128,4.135281516667293,0.0795230728905413,38629.34682442694,12.278258174765492,3.784585570676508,0.0848409217364453,20663.252985505336,16,0.1643639946269866,1.0668717725888648,0.011709849234045002,0.0
3,sim_003,-13.500779454671086,6.4829797932579964,0.2853853720421119,2.195828200859085,-0.3125813871547254,0.4332184765756646,76.50098024306659,0.4426994179899796,0.3074128685353524,40.37124986450551,0.1743976300710819,16.067234113475273,4.156739032697072,0.13726590038345,30285.85117355296,4.939274528252504,4.021869728173308,0.0888911115889774,13407.528687863036,27,0.2261570119724273,0.6475833498389737,0.07102261374095116,0.0
4,sim_004,5.562227827292752,2.580909405022134,0.5236807988229427,2.7294944379918737,-0.6630750506273128,0.2898487123630695,84.54755508403211,0.432681928317992,0.2459079874469244,23.33757170879136,0.1803514950745307,20.55048772752907,3.9481673284351,0.3414330446355261,31325.46238071829,5.053529078129394,4.015910765912123,0.1566102380809337,13553.961468341911,54,0.4980432827164598,0.4586850644410016,0.19283745289597798,0.0834372809709617
5,sim_005,-0.3903579535280883,18.40393519171215,0.2773923541459131,-3.027807187219359,-0.5232746807241625,-0.0597993533321135,75.89526715508319,0.4592310613792542,0.2867363087009251,59.644658830447305,0.1254330100565513,6.532664546065046,4.270105503392083,0.0519941738565931,18420.426180917144,1.873152117920096,4.274523798691965,0.0277004535124203,8459.231866120783,48,0.0796946273690134,0.5327607202457311,0.0,0.0
6,sim_006,11.929716793298088,13.252338328994268,0.1183707339684959,1.802820071315666,-0.0791135506821188,0.3348309723830275,89.20560451820637,0.5040024605599247,0.2306065511177796,61.70713534685736,0.0073676950052637,14.587757390397115,3.719399998623492,0.1415769965429885,22165.863613719142,3.36403242034238,4.12195152374795,0.0427713297529864,11171.649801750154,79,0.1843483262959749,0.3021064918551178,0.08725466460782735,0.043976565657675964
7,sim_007,4.423562122297987,16.544716203231758,0.5498728752867161,-2.230984040400312,-0.4547570310588467,-0.5857208532989578,85.2167431608752,0.6005417869467974,0.7679552058450484,93.38107907683616,0.1826072104799276,22.57737212393819,4.293828853626438,0.0600754723596482,40536.37486235814,17.33841045687921,3.6946620593584303,0.1049418064406981,24343.7869961858,64,0.1650172788003463,1.7468328141051117,0.16292594981618325,0.2120176730491079
8,sim_008,11.9088936837299,13.132556325733214,0.1236764658649428,-0.1700269371382563,0.3466055458933856,-0.0595068182722872,84.81933815438961,0.8197466329449927,0.734111534285776,73.22907056547774,0.1951819757447706,17.618203526248806,3.780719978325488,0.1221718397339005,25837.341969027057,12.93372642201358,3.771033425072973,0.1058511094369434,21180.07408335828,31,0.2280229491708439,0.8664116842923468,0.27114168412356426,0.23058190726671518
9,sim_009,6.634047874940563,15.67729824263227,0.3743956667058068,3.04175856658316,-0.6088320818825049,0.0609849389310306,88.11844355055555,0.5189843603831865,0.2911381321341071,76.99611599811792,0.1250604791315313,19.30091658376795,3.787892058374343,0.1206168363559524,27466.356189610287,5.6192328026744125,3.988261412229592,0.0516740857999072,14254.60929912167,38,0.1722909221558596,0.4284151977540829,0.16757715815417445,0.08696992423947632
10,sim_010,9.940602623285695,4.978555111091667,0.1306178660819307,0.4606004616914694,0.3237467725239484,0.1606421282299806,82.07203421123624,0.3799308648047768,0.161033796906372,29.840699391466288,0.0195863636370999,12.38973795201651,3.956554412668924,0.2053424172307792,22942.68558122618,1.9951665450881968,4.258080134930412,0.0582336920448571,8716.634373819346,78,0.2635761092756363,0.2835930969849727,0.0780404442177991,0.029649973461417352
11,sim_011,9.827042064654144,15.240148015433403,0.5486117271917382,2.267897896830584,-0.4755172927486518,0.5678864600329286,81.84459053343258,0.5076960321554181,0.4144233951668722,70.89214047223764,0.1778944789324222,14.552013695612848,4.191042795780966,0.0715114977031283,29035.509938940668,6.030694922250699,3.969847211809115,0.0593876031790124,14741.213187609384,5,0.1308991008821406,0.830462304475193,0.2183469744746492,0.0
12,sim_012,10.007387521744214,4.232111594358603,0.1168702061010764,0.6932175047862215,0.2629588387065532,0.2184556139062977,77.66654635621637,0.9194138630192296,0.8332327693167495,29.97229754997485,0.065941367563699,11.003095961066936,3.808570544623395,0.2284472614388904,19562.811651182223,9.168140118697742,3.8606988820479775,0.196383482994534,17986.320231731046,20,0.4248307444334244,0.8596447239402191,0.22192114518456732,0.16561591310650486
13,sim_013,13.711330069884164,6.358588875281102,0.3117056843608546,2.010622901592252,-0.237716989552899,0.5051695925516118,77.57260849563826,0.7035121047435874,0.6440211562637268,41.745306912847454,0.0641225461363459,14.685228520537104,3.9857631594861207,0.1545200820556128,25946.755392594947,9.457597851793365,3.8525991212878448,0.1445496406451221,18253.856497511497,41,0.2990697227007349,0.9354747856857708,0.22215924178505417,0.014317605083951176
14,sim_014,-3.958666889850337,8.369552329893343,0.4443999808312481,2.8772566050056154,-0.6434785985624853,0.1741702443682843,83.99202642952072,0.8119748057100167,0.6966002251494743,33.21420140052401,0.1535606676422854,4.136891147433121,4.1315618151463855,0.0871497484948855,12783.61218056218,2.881759304720779,4.162273004843889,0.0702105456976242,10379.97101658418,22,0.1573602941925097,0.8056310765113062,0.21879151892364107,0.12076161386287838
15,sim_015,-0.1548711034413692,5.84555133044333,0.3540379008232097,1.9368373599890472,-0.2129672052619103,0.5555923598342052,75.11000819518401,0.5720386268433165,0.3600177217290421,36.10717215312985,0.0521443970352864,13.59162968372286,3.8854186560693247,0.1929153457456719,23334.107638264137,4.8932275533187255,4.0243103797781625,0.0986467663058282,13348.01089200676,32,0.2915621120515001,0.5113474302654918,0.13615938150329115,0.0
16,sim_016,-4.814715762375275,5.659577195025902,0.0704679758672983,-0.9217620032691308,0.1604474544047289,-0.2114818910506068,80.88200146126651,0.6723975102318209,0.4506701474164821,39.90207057953484,0.1123648665245446,18.345783975758906,3.711773178714258,0.2476965339439464,25468.026397699214,8.267897168826202,3.8876305874072736,0.1358065200067062,17124.63754033124,78,0.3835030539506526,0.5482778375794276,0.20345582991646805,0.14949806731952647
17,sim_017,3.582879787349708,17.003739564332644,0.0371025343514798,0.7299268949445921,0.1435450188348385,0.1284420566605257,75.2171308926379,0.6274945811233194,0.6948052213097788,83.30052104745026,0.1773880775166956,15.827819877054182,4.227514888351669,0.0608610164318073,31250.62688845124,10.997251892527949,3.813297123681959,0.0817296464479624,19609.59902920985,84,0.1425906628797697,1.3428899357857045,0.0,0.0
18,sim_018,14.32588915263856,1.4956062555832363,0.4949109521924004,2.543906531337816,-0.5815404197996884,0.3958809067530318,89.39339386888341,0.5176365854336645,0.2505406825389914,8.31593963904099,0.1893886217759655,2.7585968895025124,4.175423513860003,0.2702432464400823,10177.189341204668,0.6911407475458982,4.534327728263762,0.0894832749778787,5268.085539893071,29,0.359726521417961,0.3311212256241109,0.10375284291296538,0.05370626733450278
19,sim_019,-12.107007670860847,18.013959646330505,0.0215688898682878,-0.9457211812691808,0.0859383874548651,-0.1190944307259804,87.53542667105562,0.5065981237946404,0.2130599238152624,59.50514869106724,0.1050411152647454,7.182070037354739,3.8298168956729377,0.0907184536973254,15168.829539397871,1.5302112949946796,4.327216785316713,0.0236181881443489,7684.5005848196815,34,0.1143366418416743,0.2603460176156554,0.06552993153521659,0.03319734036813197
20,sim_020,7.326186367638463,9.342853776956574,0.5439263209957165,2.020610318425412,-0.3206694679090058,0.6641516493592947,85.59684787968084,0.7768984005299877,0.7574493805514754,60.33135506103644,0.1610070909216341,19.2076369589256,3.8772982228774144,0.1385410872804787,28829.53196874349,14.548812716395815,3.740371095299944,0.1411623770401823,22397.61727454497,50,0.279703464320661,1.0189206668661173,0.47095950292648636,0.2321056915936941
21,sim_021,-6.22501577713855,6.127017925518929,0.1681994407705707,-2.6639611438887854,-0.3642230044758612,-0.1885233242364124,77.33795768857856,0.702423037900586,0.6604552181845358,30.0476663691504,0.1810993622633226,5.839738552886486,4.249539010915584,0.099919502205836,16971.587002997167,3.856885800087289,4.086325559377779,0.0979893045555212,11921.233700639372,86,0.1979088067613572,0.9806824733139828,0.0,2.8023405608610398e-05
22,sim_022,-6.039739471051433,18.209114844277654,0.3950887266033626,0.6915770261128595,0.484143466802286,0.4008663494932274,80.80005066273209,0.4792394339741592,0.3226727394866912,82.1279324798138,0.0494019730168862,16.94842027009713,4.045028231162472,0.0788121945130027,29363.28549989547,5.468793198524008,3.995332726754815,0.0474047991515648,14072.044322591542,17,0.1262169936645675,0.6014906632722148,0.03470226624964416,0.0
23,sim_023,7.574204180695734,11.680513167937828,0.3155478251147615,-0.2418536232383883,0.5453874889601176,-0.1345374000066119,77.9567466751997,0.8402374646765332,0.892900140032494,72.08386919233186,0.1608329581895969,19.460291772308825,3.873495343701676,0.1172256705428917,29002.404316914017,17.37609724856774,3.69409628418778,0.1361832520569814,24368.90667276757,49,0.2534089225998731,1.16171868692492,0.056777312451174775,0.09118218553244087
24,sim_024,-14.44008816884774,3.1606893165655827,0.1821367402046522,0.327910840068506,0.4040350790860139,0.1374496092122882,76.97681562650604,0.6663944201754193,0.7846043102264822,27.194070037751004,0.0209418465883867,15.13574172881723,4.234976304466263,0.1807479181993631,30520.259259988696,11.875568198904826,3.793274988464165,0.2662252887341992,20338.53047316364,69,0.4469732069335623,1.472909294814425,0.2597499646884914,0.14873536299487927
25,sim_025,0.7121230795478226,14.358605241516704,0.2987510519604297,-0.3045771794743808,0.521424203019418,-0.1639141618835735,85.63003701453329,0.628574211230709,0.7719980262332745,85.91001442139445,0.0438775268188807,23.28789629471973,4.210833996909566,0.072968959331806,39400.95381693642,17.978209974648816,3.685219758251878,0.1174230527157822,24766.4234672184,60,0.1903920120475882,1.6092192322742829,0.29986248948220073,0.21287851421378964
26,sim_026,10.933075416011068,16.649241601196056,0.5324646790481458,-2.7679898919176456,-0.6793658390508487,-0.2663207385444892,88.43659413982527,0.5230627825240233,0.3057476976225862,70.49318665148468,0.0268207335994796,12.98613394514344,3.917954492491554,0.0930356429100325,23107.62821848339,3.97048055474612,4.078761783248664,0.04274913341584,12086.740313490562,87,0.1357847763258725,0.4594919976764104,0.190135173531842,0.0994526329232533
27,sim_027,-3.3347147920806712,15.057768005208192,0.3920764258949066,2.958226699360968,-0.6156628132898903,0.1141741048875982,87.56469777864916,0.5752157447597063,0.4099636955004667,61.33848464967072,0.0531995991309629,9.686271146879616,4.071266852700305,0.0774008367455984,21013.88864437539,3.971019514994312,4.078726414495649,0.0491347300585691,12087.519606871923,88,0.1265355668041675,0.6348087711256335,0.316594273951655,0.1724893197149726
28,sim_028,-8.634244515993274,19.771196591210085,0.0840260385306444,0.1006282257497712,0.2884060602018697,0.0291201471404245,81.5124307816903,0.9031051875929902,0.7811824378951137,87.2753185640402,0.045895424346494,12.811106531555293,3.746791989152404,0.0908949379844798,20762.587394280978,10.007811432454377,3.837864159041079,0.0723402238492821,18750.80038362797,95,0.1632351618337619,0.7958663645453403,0.021858738821772885,0.015837237647701927
29,sim_029,-0.7445788721747526,4.108510521780792,0.5129195739796414,1.0324015284865906,0.3672294768872736,0.6148675347460953,81.37210549868547,0.3379360976282384,0.1562293092205851,28.74655433153953,0.1133199562561202,16.331694019832668,4.063059321532207,0.2164880727506573,28990.19767172985,2.551489275120419,4.193991379002785,0.0735951511742118,9796.834270655629,17,0.290083223924869,0.3399501424680143,0.11122242365357281,0.023737452003617234
30,sim_030,1.940172538957281,19.774706982635493,0.3896137840302677,2.026715922939119,-0.274823691330696,0.560433513196381,81.85045816664322,0.6747232008033436,0.5587259928596253,61.35337835481365,0.0112415283043438,5.084077723729111,4.217515607138108,0.0473743887016324,15279.295833722716,2.840606373966052,4.166020992973969,0.0375742537629586,10309.295390950583,54,0.084948642464591,0.7931343241092604,0.0,0.0
31,sim_031,-4.51712112009734,14.826786126754188,0.4937810463391274,1.7077135637833347,-0.0959108148491772,0.696119358970927,81.80455193623806,0.5298179764116268,0.5354797390846134,78.82265419003151,0.1164930285531939,19.46711775165809,4.252591657438709,0.0693007218127124,36083.05280049551,10.42424713438732,3.827240807946623,0.0827531824324646,19117.450017512416,91,0.152053904245177,1.194117178982752,0.28366644494429816,0.0
32,sim_032,14.2772588084268,12.44177585590897,0.1922278934940045,1.0166886028686442,0.2306993952926698,0.3728346584018189,77.33972534826736,0.6991252229953093,0.772271017848776,58.54957387593904,0.0688162711144969,9.816642201916489,4.251432466418766,0.0663399779531506,23505.895034650737,7.581108265131296,3.910228008020347,0.0863500156115039,16433.56410780453,10,0.1526899935646545,1.3016286449851466,0.0,0.0
33,sim_033,-13.865398689810924,4.0930890732646095,0.2999352664987694,-0.0250750522446034,0.547491296048458,-0.0137312508515833,82.94411102856884,0.3804519373976932,0.1340025684347479,22.08185275083576,0.1921543086548618,7.604606152775257,3.9297373241687774,0.2242167252745385,16651.336974259943,1.0190367564065712,4.433153717792318,0.0459744317296886,6335.033412119037,64,0.2701911570042271,0.2050446133016881,0.041381379555239406,0.015743626023980124
34,sim_034,8.828090591024935,2.4860215249065174,0.3856115449416557,2.8369584126118577,-0.5923845011125728,0.1862582824554759,79.47475608902155,1.0734204469961723,0.7149896734928346,12.61483941648754,0.054933007494637,2.5413268710340846,3.795121417336916,0.2649242068719983,7767.567022647933,1.8170224697592272,4.282451448541173,0.1278222658739256,8337.865265523473,71,0.3927464727459239,0.4824861698488905,0.1859444736870542,0.1761559722288919
35,sim_035,-4.263521930849,5.212439585379464,0.2902539433873267,-2.281637776309608,-0.3515205503908283,-0.4082734941681322,77.52171843050914,1.0110093393395372,0.8889540128932784,26.113701932702465,0.0247537107938974,4.655737673892197,3.921124516195643,0.1498295116343814,12193.145815381951,4.138736688184887,4.067946949163467,0.1192959760584672,12327.38429527995,48,0.2691254876928486,0.7962114723404887,0.008288752010489174,0.1387025283805479
36,sim_036,7.438918585853479,6.850933843442169,0.0596663040834164,1.7861474599226987,-0.052197500903124,0.2386246529235501,77.18253042558499,0.5890831989049148,0.4148682460825453,33.140725935244426,0.0469027811044302,7.354567398216322,4.111456172998186,0.1191851853026371,18105.23121892923,3.0511764771938745,4.147387230769811,0.0736566300052049,10665.48752335996,45,0.192841815307842,0.6180015563022763,0.0,0.0
37,sim_037,12.435279200106532,16.352783592087512,0.1347582165837966,-1.1602782311075237,0.1465016151433772,-0.3365939591617448,82.07444762938219,0.5316617214650005,0.1814773201606617,48.86939348119677,0.1988864886585528,4.956655172617468,3.7101753099567145,0.1053182327527058,11229.96994029196,0.8995204976871005,4.465660988774699,0.0188006083480637,5970.545150455832,60,0.1241188411007695,0.1785123796390391,0.0,0.0007638577876895054
38,sim_038,-3.820127283231225,7.999698899343949,0.4568588464056317,-0.9612372229881556,0.3869644607150833,-0.5541816963317325,77.91509691262307,0.6371502993245232,0.3670948612160053,42.38233018430229,0.1485380292120868,11.676029590361887,3.753801728891875,0.1772538643457407,19672.146440196208,4.286210462027869,4.0588235320972,0.0755916739999024,12534.113992726869,65,0.2528455383456431,0.4264599492875249,0.0,0.09463576593101057
39,sim_039,13.946504197418127,17.519592440317275,0.3017353334128994,1.5837573460956351,-0.0071193457117169,0.5492582710615621,81.03275034396397,0.504384284004746,0.3498495047877537,83.98697595629454,0.0343520646887139,19.186206360787544,3.990602377070079,0.087300199562157,30751.09701477729,6.712284794077172,3.941945402424311,0.0546115314613903,15510.370050158926,23,0.1419117310235473,0.6255602133246827,0.0691869288762763,0.0
40,sim_040,-12.55842680580052,3.045033238390687,0.0314927794925771,2.564982313197836,-0.1487691800070891,0.096749731640948,82.83365150287227,0.4189033471210477,0.1804770609973469,22.809872048485115,0.0855226395800612,14.548343536824136,3.839125995850435,0.3332381697031401,23707.283373491384,2.625642283905768,4.186526292661114,0.094899865535527,9931.060356302703,99,0.428138035238667,0.2847808989590449,0.07843546235859998,0.03285687771500448
41,sim_041,-13.726470268258389,10.1824189697854,0.2374450061130054,-2.678622999981573,-0.4359870652526726,-0.2176241830435376,88.57376486412782,0.5145736078353744,0.3451791531343666,44.99871207802796,0.1322709033808395,8.766067809090305,4.14887936277218,0.091790230676237,20644.99021581004,3.0258638626602243,4.149557996493103,0.0538864314297826,10623.367099075374,74,0.1456766621060196,0.5870606385101167,0.2927271552581897,0.15062966839259248
42,sim_042,-6.096119011918805,5.899274260197188,0.1422020786642492,1.6936844047061277,-0.0462241667923024,0.3742531296710912,79.50357751284572,0.7185685590211452,0.5137231302596147,32.998368370715816,0.1341461395703748,9.15209259555318,3.8856678694878704,0.1731679896809236,18226.74196503914,4.701641656613421,4.034717911955847,0.1045459357260916,13097.163709468412,29,0.2777139254070151,0.6037255264019994,0.15436131648412857,0.05100370995980926
43,sim_043,-4.088891238060775,9.736998642754516,0.4534131252561536,-1.600669578798655,-0.0201124487103291,-0.6730591464819626,88.64021627662717,0.697435663015163,0.6072004162496139,39.70267767399797,0.0282017238839292,5.510941063176667,4.207646478431197,0.0770909965380339,15977.89446334834,3.3462457074879617,4.1233329310496565,0.0661951946745603,11143.553418631653,50,0.1432861912125942,0.8586631078494619,0.3915747636547879,0.33681246077418797
44,sim_044,-0.2923447345206202,9.936434830665672,0.2310621037601231,1.244966109475036,0.1538664159432553,0.4553978807646126,83.59987403338769,0.3491125670327333,0.1712944770934078,47.32305228278037,0.1422579243453069,12.296389187310568,4.156451522497388,0.1024764575755684,25619.208338114964,2.106303555977398,4.243955050730275,0.0383481149403462,8943.987588265722,29,0.1408245725159146,0.3742139009056539,0.09643237021992945,0.0013643707261317437
45,sim_045,5.055562136027838,7.303108718071906,0.4414699452291094,1.017938175556348,0.3489077091761007,0.5654496933473347,75.24989604116652,0.3581665859659304,0.1138700335712963,39.455756667289,0.1008566810328979,13.87291436454372,3.743604687526489,0.2099930619265222,21782.00294236437,1.5797092244223123,4.318921334820533,0.0365385531981921,7801.585629366497,28,0.2465316151247143,0.1739988591193415,0.029950824934285913,0.0
46,sim_046,5.202438885548069,1.177960387936199,0.506736929638224,1.300468691540015,0.1900987611146347,0.6860024713227388,87.55211754410173,0.3290081834887493,0.1155947378295531,12.053841605634698,0.0765215702414103,15.180820280100642,3.8800460046954,0.6145156539693398,24926.58883483702,1.7548229403157969,4.29152764539401,0.1300951667945367,8201.051713120669,31,0.7446108207638765,0.2117035846918027,0.044167135840458796,0.014531349132770183
47,sim_047,2.1630192048553347,2.7835430262031906,0.4215583707710857,-0.6097465884429836,0.5322714236473319,-0.3718138006308107,86.76686871760072,0.9590843529257144,0.7697530290486034,14.797047051597763,0.031673603309079,3.170321094152022,3.994046126735453,0.2006260490726774,10000.98757531388,2.4403642652802016,4.20559483315719,0.1379712728080649,9591.790697288025,82,0.3385973218807423,0.687703682775931,0.32535839049524,0.31204614141707915
48,sim_048,-12.582232712540272,5.869461132580794,0.277451484865459,0.2533824781794269,0.5099179584430975,0.132042267939787,76.07274950928631,0.5493803922257093,0.5921258375573734,41.90688098891783,0.1922115007199935,18.003991181122174,4.292940354925042,0.1196637733317165,35170.81304434342,10.660628357497531,3.821397945155708,0.1584677545576258,19322.155065198483,5,0.2781315278893423,1.3242750930003009,0.10052377961708475,0.023893585659291623
49,sim_049,11.949937927978294,14.241342315618338,0.4916038031699182,0.1537158032530956,0.6928774206922659,0.1073530766431548,81.95683386704485,0.7420219740393911,0.7503356972225027,68.66918830270994,0.190387104072765,12.23909112232314,4.066736716339573,0.0781228585064732,24258.795520105825,9.183426970638076,3.8602647612812913,0.085830552369724,18000.55933964686,14,0.1639534108761972,1.0986611858629334,0.16469260177894016,0.08176075462321307
50,sim_050,-13.848344184044835,10.154683340624338,0.4414912792700671,2.592599850976237,-0.56680781075998,0.3467278254359547,78.51842077909362,0.996684763180986,0.6296240576993524,34.018078012891486,0.0837649561511944,3.1433717698722425,3.763653398459207,0.1132909493031565,8712.193587865127,1.979142488604556,4.260181389853463,0.0507541871977156,8683.31060290826,81,0.1640451365008721,0.447998604565506,0.043160575907111406,0.0
51,sim_051,8.465832620761848,19.633634954350367,0.102970219691153,2.285846190318235,-0.210392978471014,0.2422911766888105,85.45812162893364,0.9986549220288996,0.8800538693551406,81.90522320390704,0.1922206558052528,10.173015474331969,3.730503604715724,0.0879417828132938,17808.354465031294,8.95280163119557,3.8668922501870737,0.0705107885049883,17784.400839738835,7,0.1584525713182821,0.8017893912235934,0.21279051871831337,0.17140185409607045
52,sim_052,-13.900309300107054,2.9220204396564053,0.0994937512305624,-0.5485962171000747,0.2691398319969219,-0.1644916473965504,82.7073173826137,0.9178457525422832,0.852949222719982,23.90419828768892,0.0666865692448993,11.584549736626885,3.817415359978646,0.2909320252756899,20305.80160381052,9.881032693416872,3.8411862255536926,0.2614373822575205,18637.593754023765,88,0.5523694075332104,0.8986201570960777,0.3584008913118563,0.342507737585794
53,sim_053,-6.9844845735076735,3.048595491627289,0.1998105140715861,1.713955005827291,-0.0637738155802253,0.4424289937582363,80.29029104714827,0.3253652307862359,0.1583285931742876,20.13664729291741,0.002448936054697,10.176928756649463,4.263175791368624,0.193761336724195,24204.50644430348,1.6112988128752626,4.313761975025896,0.0727367189131504,7875.304825317738,26,0.2664980556373454,0.3753933583596492,0.12653914857424878,0.017160312993372805
54,sim_054,-8.843284638574898,12.98663778290175,0.357491529610718,2.2657000432470964,-0.3828460495546321,0.4592607450578923,86.260409151055,0.8084226230122022,0.6290215490581706,68.51238787280558,0.1098672617113575,15.706291604173646,3.707334095212671,0.1341635341243839,23052.67797393041,9.879595874816648,3.841224119230315,0.0912057543705028,18636.306395140444,1,0.2253692884948867,0.6798103148203098,0.3355758814410835,0.22021677824514288
55,sim_055,-7.233167131227594,18.82334226803449,0.3448770541395222,-2.1648852002862853,-0.3287224276581272,-0.4866401336655964,87.06192659106826,0.8886139474952115,0.693221393193986,49.927073602178375,0.1371887062404303,2.783477636866325,4.074119201186755,0.0508079848190724,9654.703926747508,1.929566245352778,4.266791811355845,0.0338868845688409,8579.304568244623,20,0.0846948693879132,0.6669598231363109,0.07121773749220796,0.20346056403719587
56,sim_056,12.978458636411723,16.649512428146213,0.4302739644604639,-2.2209367463624967,-0.3970469882378897,-0.5221375810949495,83.7555269764232,0.4879378993342867,0.4940385781076915,91.6171621757438,0.0555249276513067,24.91450612054565,4.264883689085671,0.066503005795875,42398.00516948953,12.308727178049748,3.7839397398885866,0.0813193092755395,20687.59357836495,8,0.1478223150714145,1.2227914859238365,0.022304171885680003,0.15513569384415213
57,sim_057,-14.75625264484924,18.48443477798314,0.4164313473733228,-3.0715360489315087,-0.6437319891136898,-0.0451716013116105,81.99622309671791,0.7489857845984128,0.7371690360925659,94.57722334704656,0.0336494097459597,19.12457869263864,3.919595662394447,0.0839934385964733,29460.19811322037,14.09804724052885,3.748572250407545,0.0878093191163552,22065.26959825504,53,0.1718027577128285,1.0454306977264545,0.11406605937710505,0.1012686133565775
58,sim_058,-2.8958045513631827,5.369780741831246,0.2085871043977683,2.1396438416867376,-0.2460138700870472,0.3847912162752182,84.86363699667051,0.593397148256295,0.3107839674451645,28.007968698449204,0.028351341582905,7.799867733766128,3.8451048174145672,0.1973528541674924,16112.85700093488,2.4240738398473614,4.207340120444744,0.0725028474821112,9561.323394616236,14,0.2698557016496036,0.3673767363940852,0.12495799995574436,0.07414972082554894
59,sim_059,11.823066303752915,18.18199504850772,0.1209864862877308,1.593646318114521,-0.0079472464008279,0.3477403162740486,75.10604084839865,0.2726704089215136,0.1024890591852606,79.5960186401585,0.0973389026558618,18.56535697717409,4.054580869210795,0.0841789852473409,31255.511248767893,1.9027459700290863,4.270439140829748,0.0210190606617899,8522.45303325251,29,0.1051980459091307,0.2496948686186956,0.0,0.0
60,sim_060,-8.873729177859438,5.307144486686491,0.5163558002676124,-1.0307004868265968,0.3695064017589355,-0.6162960484432596,81.88729155557122,0.638788487395105,0.4994744160773223,27.543954489929284,0.0065078409089532,6.639029846455918,4.150551703797885,0.1302518739187597,17369.8128303747,3.3160255558784844,4.125696905961312,0.0947257391966791,11095.636464251142,77,0.2249776131154388,0.7272504905055044,0.047425312163980764,0.2039894724443901
61,sim_061,-14.346719570492786,9.628808159284803,0.2121237065163958,-2.2082375821767064,-0.2741034924709871,-0.3701229281355092,75.2858596743039,0.4844814864933765,0.2625402673089723,57.51244254525106,0.0985872736171768,21.80628875107888,3.7902820820590177,0.1711677096348357,29684.24068044797,5.725028877724885,3.983401018312928,0.0702199204136765,14381.465050290592,26,0.2413876300485122,0.410240462780519,0.0,0.01241702451075831
62,sim_062,5.915013598513479,14.935887646350928,0.2399375540571415,2.9347496937679294,-0.4793929811367984,0.1005978314573175,85.63778851162616,0.7141831812090877,0.69053114865532,88.39195564215764,0.0538590551262414,24.57194884064901,3.883013611813015,0.1062512544773027,33738.05011972821,16.96769605763312,3.700293901666877,0.1089646324389598,24095.147962299136,49,0.2152158869162625,1.0255373734174285,0.3529702083613724,0.23558544407306128
63,sim_063,-9.269299621170692,3.097976383969166,0.1909988306305226,-1.1083948651950175,0.1949603398780917,-0.3911384620631696,87.05823349881358,0.8528535692762884,0.7054567595206962,15.062719233276978,0.006702148859287,2.8015595128068096,4.1582235886975,0.1533622828599246,10174.723817501734,1.9763790955090723,4.2605454763211785,0.1144966606149298,8677.549524156817,2,0.2678589434748544,0.7465763972717255,0.3493888701301352,0.32033815960835343
64,sim_064,1.3929896291259,12.049202163757617,0.4860184315896902,-1.194290633471844,0.2563234337002649,-0.6483183854602584,87.25782673892397,0.3560348135455372,0.1089838829647024,39.47013622094492,0.0561154401856281,5.12449043466497,3.9772956782509663,0.0974860991470619,13372.032498698984,0.5584868657852642,4.589859848872325,0.0158979726674315,4760.909097399157,43,0.1133840718144933,0.1630793806145503,0.026345427310175275,0.009379889300155757
65,sim_065,3.096756023210908,9.1544690855075,0.3902111989683759,-0.560385818695992,0.529125834028584,-0.3320196541350093,77.76505017367404,0.3668298819239467,0.2174703800468785,45.6124774735898,0.041035655993873,12.479951128166352,4.263541287960039,0.0946860392193519,27501.741742592058,2.714019714808808,4.177899828456674,0.0487311585515096,10088.460676137922,81,0.1434171977708614,0.5146604394193515,0.0,0.0
66,sim_066,14.663815734929669,2.6168934293850734,0.3726221400259902,-0.0950371785197607,0.6076731958421598,-0.0579260483803806,89.29035671582187,0.513105479192245,0.2532953134094011,18.183587329193347,0.1150901666160059,9.39939365454772,3.880272708231105,0.320455560782431,18475.55106207829,2.380822361587001,4.212031431537031,0.1100783795396135,9479.906481048472,63,0.4305339403220445,0.3435059116179598,0.11126011716048557,0.057088175730616274
67,sim_067,-12.226618436844028,6.7536139039808845,0.2198912302936419,-1.5553619893191195,0.0072372688080278,-0.4688697604173703,85.51333901669891,0.4010985332754928,0.2554344456061801,44.99374375619247,0.0846225950449022,21.344034862941925,4.10132839656147,0.1513058590163203,35032.54993584731,5.452001712214551,3.996134037170788,0.0863162682837892,14051.504396168815,55,0.2376221273001095,0.5704753857184002,0.24275177104358037,0.11546254424516075
68,sim_068,-13.07138039940321,8.019470006302111,0.4717502226595052,-0.9563245764015438,0.3959822272592395,-0.5612025466391944,86.87425704870662,0.3196287222451849,0.1108467495091677,31.51717163833628,0.0650116030426465,5.880074856506668,4.142828348124668,0.1080846026273291,16029.249760573088,0.6517871847143499,4.549604136972596,0.0225287666636378,5123.408619520912,69,0.1306133692909669,0.2084364110706497,0.042850691100171416,0.013696311643670906
69,sim_069,14.638559794864818,8.784561785062632,0.0823485858261132,-1.9514775243701483,-0.1066224923718955,-0.2664211514623384,79.24282720885813,0.599887445410915,0.4481793944536774,39.64877052247112,0.0649930756615268,7.483645981313709,4.139079176834335,0.0973466740241256,18596.55035874549,3.3540159242108745,4.122728555171058,0.0664083013245264,11155.837088163267,47,0.163754975348652,0.6821835670324834,0.0,0.0
70,sim_070,-1.4367594073802277,18.431982003472022,0.3985503330824369,-2.124515263644549,-0.3319761209203614,-0.5369750350073145,77.51796020799293,0.2803846013184176,0.1139194084975558,69.61518758738518,0.1395259954384527,11.961916723853037,4.207906198789224,0.064755566018463,25938.440322682192,1.3626944776783592,4.35742852973707,0.0183998718811248,7272.739248696813,3,0.0831554378995877,0.2841434800504818,0.0,0.0
71,sim_071,10.61733575861556,19.999018283602048,0.5010581460776994,-1.737993004028,-0.1178002972387027,-0.6979836932537699,82.01608199574281,0.3554223335622732,0.244910426419093,91.1458499862837,0.1824289162015061,20.40524749306404,4.288357472984378,0.0588828891761943,37933.23307479063,4.997457864713442,4.018818142631492,0.0397431616865747,13482.318219003691,61,0.098626050862769,0.6749526431634815,0.0,0.03807958512082808
72,sim_072,-2.956647908429515,5.710139548796887,0.4742934804323819,-1.2261460271524685,0.2326859045111325,-0.6481903657678182,89.62788998027494,0.7338325544182278,0.5286236347915133,24.346059058512875,0.1841177866507337,3.8848891136319663,4.096031050013155,0.1200269944072831,12042.349547705544,2.0536442040101104,4.25055250501796,0.0730451679301731,8837.06812978995,69,0.1930721623374562,0.6085728322273211,0.29121393131472034,0.21370226309885557
73,sim_073,-3.353806701255479,19.29440211721365,0.1680861562421758,-0.8781446678527884,0.2618070284520061,-0.3155047322867064,76.82575947654698,0.6687167337455193,0.7285383178775567,90.55832357582447,0.040611103479103,15.485673137445096,4.161800367948034,0.0597269447469304,29682.345893828347,11.281906258755916,3.806638135189567,0.0767321938456546,19849.08139602562,44,0.136459138592585,1.284716540763592,0.0,0.0
74,sim_074,11.532223143509594,14.916350864494731,0.2752066393660676,-1.6929789735733325,-0.0639378275685089,-0.5206904969095243,77.47091442155924,0.5640391448278494,0.3430217502316959,78.941987981335,0.0295991765886416,22.09034903175647,3.7434202499810247,0.1324698115946873,29128.8606724254,7.577470188102153,3.910353085459267,0.0640193602908114,16429.8176634844,6,0.1964891718854987,0.4832750912841103,0.0,0.025898745131350043
75,sim_075,4.55918644484683,6.320445564640622,0.0938334296401702,2.0356692380457524,-0.1373271634195988,0.2738150467510815,87.11299517588813,0.3666120217667026,0.1088419728545805,33.11461012206975,0.1179257822942586,10.999691854408844,3.72632567752484,0.2272697259072809,18654.605463342148,1.197228162226318,4.391161472822069,0.0348756164744568,6839.0026241760415,5,0.2621453423817377,0.1534547390121154,0.023346801403298246,0.00855921806424886
76,sim_076,8.303971282492121,7.614582499112849,0.1551065521344621,1.438176245117342,0.0520775503811891,0.390377357028756,77.01032003266931,0.8218051201906951,0.4807056037857172,34.009853435872785,0.1031950608129178,6.1480868834471805,3.701318709811187,0.1702706118001361,12783.035637496205,2.9554198174345254,4.155696118620481,0.069966570114683,10505.164138474503,54,0.2402371819148191,0.4109139526485631,0.04244091207123895,0.0
77,sim_077,-12.110110067408415,16.10435733568371,0.3456471630143364,2.050681568659765,-0.271428281781172,0.5215111224735836,88.8542391721769,0.7255106335980857,0.7408270297253722,73.42804411977959,0.0870474585263004,11.766033760190613,4.105576401807745,0.0685012817254849,24203.58687136184,8.716595842210463,3.8738594814531786,0.0769866757877543,17559.959646388033,44,0.1454879575132392,1.123872048062898,0.5068285804253777,0.3285676713649905
78,sim_078,13.984861536217752,16.74035919099672,0.1792486117283445,0.8298175262160887,0.2857842995407796,0.3123714869579657,88.58336939633537,0.5598422472017712,0.4324468230800016,85.34042026609053,0.1043624650373211,20.77508964842185,3.9635513606313846,0.0922305523079637,31819.546180310463,8.98412151766226,3.8659822568123614,0.0678618534144076,17813.926238525546,23,0.1600924057223713,0.7357849618834824,0.4154591824168263,0.22995951997696581
79,sim_079,-5.332078901142225,18.809038531783347,0.0542317811459222,0.571230688376696,0.1959047186917414,0.1259091829066961,85.32123581401662,0.6038686548817532,0.5620627888642402,77.3065823848187,0.005949423639022,11.21771420232698,4.208946240369311,0.056402246840797,24932.660110636243,6.305059729241899,3.958254104244687,0.0564332276305444,15056.051923633851,75,0.1128354744713414,1.0005492829006413,0.11717135623888299,0.05671446539330904
80,sim_080,-6.2049500287420845,12.654101920949484,0.0253814575488962,-0.737169967244264,0.1179530984335603,-0.1070911953375209,82.52975040659223,0.6518440252518571,0.2840362914382563,33.52884400807904,0.1822341189095753,2.459814820509831,3.908361706121973,0.0860766957423886,8123.557517331042,0.6986766792424727,4.531501878856183,0.022387336011951,5295.2924314620495,68,0.1084640317543396,0.2600859131367228,0.0,0.0
81,sim_081,6.048894118120849,9.93808568177681,0.0551326142953182,-0.8339029708145098,0.1577856227714995,-0.1738859153063532,77.36884894382496,0.4175954419705499,0.229772821661349,58.86778835218297,0.1930918536646133,22.536653264500423,3.9297784239147457,0.1447810071392715,32835.40065677918,5.178310411387715,4.009554779028275,0.0633100628384364,13711.913649547789,69,0.2080910699777079,0.4372815474168897,0.0,0.0
82,sim_082,-4.251670077713284,8.603698727554994,0.36902595021149,0.5414556679429352,0.5205814408080145,0.3130829182464952,83.13239984278006,0.3393365708992853,0.1282284266883657,50.17487148336684,0.0942389789321337,20.294483704402765,3.836288351549292,0.1795115400246995,29142.390076361124,2.602329715868243,4.188850234740173,0.0428354750839907,9889.078716321745,75,0.2223470151086902,0.2386224032064838,0.05586129680131845,0.018955780902546616
83,sim_083,-10.254870645215922,12.549899761556157,0.513040937680646,-2.996890779869672,-0.708782992197022,-0.1032841113283264,75.94687888258204,0.6934777041090351,0.4014601529469591,53.79757992166137,0.0346641770174708,9.464846560825414,3.735190116684543,0.1284496143770727,17069.088882987835,3.799758747928471,4.090214013191386,0.054080671992734,11837.032569807458,45,0.1825302863698067,0.421026347607214,0.0,0.009536550297948095
84,sim_084,-14.75308173686004,15.236681463069052,0.3660676008384227,2.337513477242915,-0.4197581181116551,0.4357415783670231,88.16607931028541,0.5289196291694797,0.4017119809884878,77.18948075072844,0.0366361562706759,18.963627857745788,4.025194124610355,0.0907484767475533,31141.623214102005,7.617916513463534,3.908965902013672,0.0657522846541911,16471.41580213849,74,0.1565007614017444,0.7245552433579979,0.4108880386304177,0.2001128751850232
85,sim_085,9.89985006903778,19.96616430948998,0.0054223307802312,-0.9127209702053144,0.045035720737279,-0.0582590305266495,76.58342108402003,1.0747670196412498,0.8441953756922831,67.31287356835936,0.1814717371795063,5.566533283702296,3.7257010573091134,0.0795934920589526,12183.09400555667,4.699241656738658,4.034850959886354,0.0512299689147673,13093.987634361318,22,0.1308234609737198,0.6436451974845223,0.0,0.0
86,sim_086,3.793354403070268,2.5056185194835185,0.3166059002968032,-0.9359316497823964,0.3337063008323859,-0.4530408426197004,84.72696609401656,0.6733961447264766,0.5773377146990222,21.873984931730863,0.0791800992499115,14.181290887218472,3.980672530104569,0.2914925924144054,25312.340879725376,8.18739407230878,3.890180210796741,0.2458038306556008,17045.232762409458,66,0.5372964230700061,0.8432592698827475,0.4153316635660786,0.3140328586517026
87,sim_087,11.14314821527184,4.5224390189899175,0.0165709855632805,0.3665340687633973,0.1201775701453703,0.0461339050724639,82.93548975526261,0.4828426778370298,0.3587210538437223,31.96256837540312,0.1709049188514066,15.766521744082016,4.138241538339484,0.1754443236016447,29613.32295665509,5.655783295487063,3.986571970780728,0.1251274340185957,14298.576156044135,19,0.3005717576202403,0.7132030917267174,0.28090901442202154,0.13416980433860673
88,sim_088,3.777219561303909,5.706952095820517,0.044678046660293,-1.18733760086412,0.0790805902523252,-0.1960211899403655,80.27575069650403,0.5780018898881244,0.3158971942978592,32.56289845774437,0.1683549941847625,10.809992123661065,3.819192327501684,0.2058862216728602,19466.181457410315,3.4148461822464875,4.118044939600549,0.0820302172967527,11251.489671288326,91,0.2879164389696129,0.398424997215663,0.10022204833285066,0.06672867426637015
89,sim_089,-11.080868950172448,18.68258294755886,0.3825349550368208,-1.0107637777234246,0.3285525870983672,-0.524011595814244,86.57798378881554,0.9265202289010428,0.7346274561043593,66.13326042286131,0.0219059585338675,6.410123194999283,3.8320557742418337,0.0769164409203288,14146.442976183833,4.709052496057871,4.034307508137796,0.0522308256693123,13106.965584429394,9,0.1291472665896411,0.67905931481429,0.14371435214945621,0.2647271201286868
90,sim_090,-1.427097321089953,18.24954453268673,0.0044789342043037,1.2569566859431616,0.0206605679610949,0.0636559120257397,83.69887677035422,0.284925604499208,0.1008019540541137,71.6999708030893,0.0053160659387087,13.490570399371665,4.047714533290969,0.0802920829305605,25499.95436934146,1.359875857561249,4.357968069120836,0.0178353005450475,7265.589913386836,78,0.098127383475608,0.2221302511291444,0.0,0.0
91,sim_091,-9.1687592565568,16.05984932201536,0.1274013166470146,-2.6635728235614087,-0.3169237046083505,-0.1641970831176169,86.6895030772154,0.6247960735301757,0.6253639708081822,79.20919527810983,0.0310835121378613,15.906691928930616,4.14681896636234,0.0704107003893636,29924.988000263183,9.947472027098511,3.83943999136868,0.0793221688179029,18697.015003002063,33,0.1497328692072665,1.126564121351724,0.3143921161060465,0.21687113394237462
92,sim_092,13.34589651736189,11.252138144793102,0.1041423945226738,-0.1649507920640647,0.3183306694485706,-0.0529903709281102,85.40424988748593,0.959871840420406,0.8804208877737708,44.38806093218002,0.0845123239784543,4.929013081857377,3.988470281958808,0.0839290842482751,13135.130042742696,4.339606073377402,4.055597442303891,0.0728943844817732,12608.0414482888,85,0.1568234687300483,0.8685235295328665,0.1890674816911019,0.1906198156136677
93,sim_093,-2.460583676441068,16.06031736642786,0.2265096822772448,2.077664998771642,-0.2310365770490612,0.4160910745770666,85.68439050440004,0.4290335122018007,0.1708750095312929,39.68874026050096,0.05866523471157,2.777600541203165,4.18399013625147,0.0562608546489278,10271.478849741494,0.4746225189522152,4.632258623352756,0.0138806996642564,4406.808646411105,55,0.0701415543131842,0.2467203840196361,0.01933415256813387,0.0
94,sim_094,-12.631058950919098,3.0464705704844355,0.4424863123091851,1.0269479562562678,0.3441945643586308,0.56922439703087,79.59657729934277,0.3660022348572608,0.2034602241362909,20.47936003421814,0.1862593139750847,10.318345270655708,4.262077729940847,0.1920806406667192,24398.748035688324,2.099372841483248,4.244813882509255,0.0883802607652107,8929.996308781128,86,0.2804609014319299,0.4601206058998942,0.19610266942413046,0.013352994410497946
95,sim_095,10.99153667230723,12.393717886698877,0.2797539610335987,2.2803628230824105,-0.3445925204809084,0.4012604588820251,77.15243607391807,0.4401000282808813,0.3369340394677582,66.99275933328136,0.0126755541569706,19.645226152795733,4.190243110341207,0.0880061269742493,35009.68857912113,6.619145403919114,3.945586474453856,0.0677038976016716,15407.76493377606,91,0.1557100245759209,0.7693089098385371,0.0,0.0
96,sim_096,5.594951289258795,5.65699250726901,0.4755913218903395,0.9822447484694729,0.3828535626126799,0.5735978307883655,85.08466845441049,0.5744204901095158,0.5876317061765912,39.89517565845805,0.1646164511806497,16.769758257014765,4.227731772169884,0.130770850116691,32404.40257309645,9.854441656738564,3.841888413742186,0.1563094505456753,18613.75280774412,3,0.2870803006623663,1.1952927613928896,0.5072625770594313,0.1975154167706066
97,sim_097,-14.407152211977028,1.817766781230388,0.1318082663246866,2.4915015331771,-0.2890014507750964,0.2197417297068904,80.83058585063335,0.6975972507740652,0.5429768541352203,11.430453582325423,0.1595023346748062,3.9304410257140505,4.203068317523761,0.2273300422546583,12901.336611428524,2.134138503506224,4.240534066528444,0.1604407253148882,8999.936951443333,35,0.3877707675695465,0.7057612083455307,0.27530140910593753,0.16636740940621517
98,sim_098,-12.76615690333364,18.417252382876896,0.0968229719569769,-0.6103694528127761,0.2549789984656188,-0.1783498872958625,87.88925473061812,0.9713840641017332,0.8885260081240955,75.25749758193254,0.1107901021693484,8.928187423110803,3.820519025162638,0.0808362534729468,17286.164535906424,7.932926730840396,3.898407561427909,0.0696621671815926,16791.504759620035,87,0.1504984206545394,0.8617688745917227,0.33632628932118125,0.34222073073003595
99,sim_099,-14.239897004329308,2.9058633451195384,0.3881394659477988,0.9405418709721278,0.367170215960552,0.5033145124663906,78.83955674571527,0.4000682034008028,0.248898666253749,24.69032899476696,0.0477004906485861,19.15092181038676,4.112660555628494,0.257793225562507,32951.52476203355,4.766638896135097,4.031140275776366,0.1412677165083386,13182.857310863828,45,0.3990609420708456,0.5479884748720268,0.2646448401444655,0.056218948838111016
